{"cameraMode":{"drawMode":0,"name":"Shaded","section":"Shading Mode"},"sceneLighting":true,"audioPlay":false,"sceneViewState":{"showFog":true,"showMaterialUpdate":false,"showSkybox":true,"showFlares":true,"showImageEffects":true,"showParticleSystems":true},"in2DMode":false,"pivot":{"x":42.58978271484375,"y":276.359375,"z":544.2684326171875},"rotation":{"x":-0.11416956782341004,"y":0.26685771346092226,"z":-0.031855128705501559,"w":-0.9564192295074463},"size":672.6057739257813,"orthographic":false}